item,qty,spec,supplier,unit_cost_usd,make_buy,notes
1 Solar panel,3,"5 V, 0.5 W monocrystalline, about 70 x 50 mm, epoxy or PET laminate",Online electronics retailer (AliExpress or Amazon class),3.00,buy,Indicative price; 1 per stake
2 Head enclosure,3,"3D-printed ASA head in two parts: body (72 mm diameter, socket over the 42 mm tube, cavity, two board guide slots, two insert bosses, gland and vent bosses) and cap (30 degree sloped top with panel recess, O-ring groove, two screw counterbores)",Self,3.50,make,Material cost only; ASA for UV and heat; body and cap from RMS-DDR-003 (one-piece head could not take the board); 1 set per stake
3 Controller board,3,"LoRaWAN module (STM32WLE5 class, e.g. Seeed Wio-E5) on a small carrier PCB with LiFePO4 solar charger (CN3058E class with NTC cut-off), sensor power switch, EC drive and a 2 mA status LED output; US915 band plan (902 to 928 MHz)","Seeed Studio or distributor (Mouser, DigiKey); PCB service (JLCPCB class)",15.00,buy,"Indicative: Wio-E5 module about $7 plus carrier PCB, CN3058E charger and parts about $8; module decided (RMS-DDR-001 D8); LED output added 2026-10-02 (line 17); 1 per stake"
4 Antenna and feed,3,"915 MHz half-wave sleeve dipole (164 mm long) held by two printed clips at the top of the marker rod, about 1 m, with 1.2 m RG174 lead and u.FL to SMA pigtail",Online electronics retailer,7.00,buy,"Indicative: dipole about $4, 1.2 m lead and pigtail about $2.50, two printed rod clips $0.50; antenna at 1 m on the marker rod decided (RMS-DDR-001 D2); 1 per stake; cut for 915 MHz (US915) on 2026-10-02, price unchanged because dipole length does not change the part price"
5 LiFePO4 cell,3,"14500 size, 3.2 V, 600 mAh, with PTC fuse and leads; stands in a 3D-printed ASA holder on the fin spigot","Battery distributor (for example Simpower IFR14500EC class, IMR Batteries or Amazon class)",4.00,buy,"Indicative price; about 1.9 Wh per cell; LiFePO4 decided (RMS-DDR-001 D5); cell chosen 2026-10-02: IFR14500EC class, 600 mAh, 3.2 V, datasheet discharge range -20 to +60 C (at least 55 C, so no shade skirt) and charge 0 to +60 C (the charger still blocks charging above 45 C); 1 per stake"
6 Stake tube,3,"PVC pressure pipe, 42 mm OD (40 mm or 1-1/4 in nominal), 170 mm long",Hardware store,1.50,buy,Indicative price; 1 per stake
7 Sensor fin,3,"3D-printed PETG or ASA carrier in two halves glued on the mid-plane: blade 36 x 12 x 310 mm with two 19 mm sensing windows, probe slots, wire channels, temperature probe bore and rod grooves; 42 mm collar and 35.4 mm spigot at the top",Self,3.00,make,Material cost only; two halves from RMS-DDR-003; needs a print bed of at least 300 x 300 mm (halves laid diagonally); 1 per stake
8 Capacitive moisture probe,6,"Capacitive soil moisture sensor v1.2 class, NE555 swapped for TLC555, edges sealed in epoxy",Online electronics retailer,3.00,buy,Indicative price including TLC555 and epoxy; 2 per stake (150 and 300 mm)
9 EC electrode,6,"316 stainless steel rod, 4 mm diameter, 80 mm long, 24 mm spacing",Metal supplier,1.50,buy,Indicative price; 2 per stake
10 Temperature probe,3,"DS18B20 in 6 mm stainless sheath, 1 m cable",Online electronics retailer,2.50,buy,Indicative price; 1 per stake
11 Marker rod and flag,3,"Fiberglass rod, 8 mm diameter, 1.2 m, high-visibility flag; four cable ties hold the antenna lead to the rod",Farm or garden supplier,3.00,buy,Indicative price; 1 per stake
12 Seals and consumables,3,"64 x 2 mm O-ring (cap face seal), M8 IP68 cable gland for 2 to 4 mm cable (antenna lead), adhesive ePTFE vent membrane, desiccant sachet, potting epoxy, wire",Hardware store; ePTFE vent from an online electronics retailer,5.00,buy,Indicative price; includes an adhesive ePTFE vent membrane (RMS-CAL-001 section 8); 1 per stake
13 LoRaWAN gateway,1,"Indoor 8-channel LoRaWAN gateway, US915 variant, with Wi-Fi backhaul and USB supply (The Things Indoor Gateway US915 class), with its stock 915 MHz antenna",Seeed Studio or distributor,90.00,buy,"Indicative price (about $79 list plus supply); one per farm; not shown in the exploded view; TTN with a TTIG-class gateway decided for the pilot (RMS-DDR-001 D3); US915 variant specified 2026-10-02 (price unchanged, same list price in both bands); gateway antenna is part of the gateway"
14 Dashboard software,1,"Open-source dashboard (for example Node-RED or Grafana) on an existing computer, fed from the network server",Open source,0.00,make,No hardware cost; not shown in the exploded view
15 Slot tool,1,"Installation tool: 32 x 8 mm mild steel flat bar, 650 mm, ground to a point, 20.5 mm cross hole; 20 mm steel round bar handle, 250 mm, through the hole between two 20 mm shaft collars; printed ASA depth stop, 80 mm diameter, clamped by an M5 thumb screw",Hardware store or metal supplier; collar self-printed,14.00,make,"Indicative: flat bar about $6, handle bar $2, two shaft collars $3, thumb screw and nut $1, depth stop material $1, drill and grind consumables $1; one per pilot set, not part of the installed stake; handle and stop fixings from RMS-DDR-003; driven with a mallet through the auger hole to pre-cut the fin path, then withdrawn (RMS-DDR-002); not shown in the exploded view"
16 Head fixings and bonding,3,"Two M3 brass heat-set inserts, two M3 x 12 stainless button-head screws with EPDM sealing washers (cap), structural two-part epoxy (fin halves, fin into tube, tube into head), 4 mm heat-shrink sleeve (EC rods), 56 x 40 mm prototype board for the controller modules",Hardware store; online electronics retailer,2.50,buy,Indicative; added for construction (RMS-DDR-003); 1 set per stake
17 Status LED and resistor,3,"5 mm green diffused LED (2.1 V, 20 mA class) in a 5.2 mm lens hole in the head body wall, flange inside, and one 560 ohm 0.25 W axial resistor on the controller board; about 2.1 mA when lit",Online electronics retailer,0.15,buy,"Indicative: LED about $0.10 and resistor about $0.02 plus leads and solder, rounded up; added 2026-10-02 (decision 6); 1 set per stake; not in the exploded view callouts of rows 1 to 12"
